;title;artist;genres;duration;explicit_content
0;Open Your Heart;Madonna;['Pop'];253.0;0.0
1;At This Moment;Billy Vera & The Beaters;['Rock', 'Rock & Roll/Rockabilly'];260.0;0.0
2;Livin' On A Prayer;Bon Jovi;['Rock'];249.0;0.0
3;Change Of Heart;Cyndi Lauper;['Pop'];265.0;0.0
4;Touch Me (I Want Your Body);Samantha Fox;['Pop'];222.0;0.0
5;Land Of Confusion;Genesis;['Rock'];286.0;0.0
6;Keep Your Hands To Yourself;The Georgia Satellites;['Pop', 'Rock'];207.0;0.0
7;Someday;Glass Tiger;['Rock'];217.0;0.0
8;Will You Still Love Me?;Chicago;['Rock'];252.0;0.0
9;We're Ready;Boston;['Pop'];236.0;0.0
10;C'est La Vie;Robbie Nevil;['Pop'];271.0;0.0
11;Ballerina Girl;Lionel Richie;['Pop'];217.0;0.0
12;Shake You Down;Gregory Abbott;['R&B'];244.0;0.0
13;Love You Down;Ready For The World;['R&B'];391.0;0.0
14;Jacob's Ladder;Huey Lewis & The News;['Rock'];213.0;0.0
15;Control;Janet Jackson;['Pop'];300.0;0.0
16;You Got It All;The Jets;['R&B'];248.0;0.0
17;Nobody's Fool;Cinderella;['Rock'];287.0;0.0
18;Stop To Love;Luther Vandross;['Pop'];310.0;0.0
19;This Is The Time;Billy Joel;['Pop'];301.0;0.0
20;"Somewhere Out There (From ""An American Tail"")";Linda Ronstadt & James Ingram;['Films/Jeux vidéo', 'Musiques de films'];238.0;0.0
21;Big Time;Peter Gabriel;['Rock'];265.0;0.0
22;Talk To Me;Chico DeBarge;['R&B'];230.0;0.0
23;(You Gotta) Fight For Your Right (To Party!);Beastie Boys;['Rap/Hip Hop'];210.0;0.0
24;Stay The Night;Benjamin Orr;['Pop'];258.0;0.0
25;Respect Yourself;Bruce Willis;['Soul & Funk'];233.0;0.0
26;I'll Be Alright Without You;Journey;['Pop', 'Rock'];274.0;0.0
27;Jimmy Lee;Aretha Franklin;['R&B', 'Soul'];265.0;0.0
28;Victory;Kool & The Gang;['R&B'];243.0;0.0
29;Walk Like An Egyptian;The Bangles;['Pop'];201.0;0.0
30;Can't Help Falling In Love;Corey Hart;['Rock'];207.0;0.0
31;I Wanna Go Back;Eddie Money;['Rock'];233.0;0.0
32;Brand New Lover;Dead Or Alive;['Pop'];221.0;0.0
33;Is This Love;Survivor;['Pop'];221.0;0.0
34;Mandolin Rain;Bruce Hornsby & The Range;['Pop'];317.0;0.0
35;Let's Wait Awhile;Janet Jackson;['Pop'];276.0;0.0
36;Facts Of Love;Jeff Lorber & Karyn White;[];;
37;Notorious;Duran Duran;['Rock'];258.0;0.0
38;Caught Up In The Rapture;Anita Baker;['Pop'];250.0;0.0
39;Without Your Love;Toto;['Pop'];272.0;0.0
40;Candy;Cameo;['R&B'];339.0;0.0
41;Nothing's Gonna Stop Us Now;Starship;['Rock'];270.0;0.0
42;Let's Go!;Wang Chung;['Pop'];266.0;0.0
43;Come Go With Me;Expose;['Pop'];258.0;0.0
44;Coming Around Again;Carly Simon;['Pop'];220.0;0.0
45;We Connect;Stacey Q;['Pop'];252.0;0.0
46;As We Lay;Shirley Murdock;['R&B'];359.0;0.0
47;The Final Countdown;Europe;['Rock', 'Hard Rock', 'Metal'];310.0;0.0
48;Everybody Have Fun Tonight;Wang Chung;['Pop'];287.0;0.0
49;Falling In Love (Uh-Oh);Miami Sound Machine;['Pop'];237.0;0.0
50;Don't Need A Gun;Billy Idol;['Rock'];324.0;0.0
51;Don't Dream It's Over;Crowded House;['Pop'];236.0;0.0
52;All I Wanted;Kansas;['Pop'];201.0;0.0
53;That Ain't Love;REO Speedwagon;['Pop'];241.0;0.0
54;The Way It Is;Bruce Hornsby & The Range;['Pop'];297.0;0.0
55;Stand By Me;Ben E. King;[];174.0;0.0
56;Shelter;Lone Justice;['Rock'];273.0;0.0
57;Don't Leave Me This Way;The Communards;['Pop'];271.0;0.0
58;Fire;Bruce Springsteen;['Rock'];155.0;0.0
59;Girlfriend;Bobby Brown;['R&B'];377.0;0.0
60;I Need Your Loving;The Human League;['Pop'];173.0;0.0
61;You Be Illin';Run-D.M.C.;['Rap/Hip Hop'];206.0;0.0
62;Midnight Blue;Lou Gramm;['Rock'];234.0;0.0
63;Someone Like You;Daryl Hall;['Pop'];333.0;0.0
64;Skin Trade;Duran Duran;['Rock'];266.0;0.0
65;Coming Up Close;'Til Tuesday;['Pop'];261.0;0.0
66;If I Say Yes;Five Star;['R&B'];347.0;0.0
67;Big Mistake;Peter Cetera;['Pop', 'Rock'];342.0;0.0
68;For Tonight;Nancy Martinez;['Rock', 'Latino'];250.0;0.0
69;Cry Wolf;a-ha;['Pop'];246.0;0.0
70;War;Bruce Springsteen;['Rock'];254.0;0.0
71;Hooked On You;Sweet Sensation;['Pop'];310.0;0.0
72;The Honeythief;Hipsway;['Pop'];190.0;0.0
73;What You Get Is What You See;Tina Turner;['R&B'];271.0;0.0
74;Deep River Woman;Lionel Richie;['Pop'];276.0;0.0
75;The Best Man In The World;Ann Wilson;[];;
76;Don't Get Me Wrong;Pretenders;['Pop'];226.0;0.0
77;Someone;El DeBarge;['Pop'];283.0;0.0
78;You Give Love A Bad Name;Bon Jovi;['Rock'];223.0;0.0
79;All I Want;Howard Jones;['Pop'];275.0;0.0
80;Ain't So Easy;David & David;['Pop'];290.0;0.0
81;The Next Time I Fall;Peter Cetera With Amy Grant;['Pop', 'Rock'];226.0;0.0
82;Love Is Forever;Billy Ocean;['Pop', 'R&B'];248.0;0.0
83;My Baby;Pretenders;['Pop'];246.0;0.0
84;Suburbia;Pet Shop Boys;['Dance'];244.0;0.0
85;Kiss You (When It's Dangerous);Eight Seconds;['Pop'];247.0;0.0
86;Stone Love;Kool & The Gang;['R&B'];234.0;0.0
87;Smoking Gun;The Robert Cray Band;['Rock', 'Blues'];435.0;0.0
88;(I Know) I'm Losing You;Uptown;[];;
89;Summertime, Summertime;Nocera;['Electro'];206.0;0.0
90;Make It Mean Something;Rob Jungklas;['Pop'];235.0;0.0
91;Hold Me;Sheila E.;['Pop'];302.0;0.0
92;Ronnies Rapp;Ron And The D.C. Crew;['Rap/Hip Hop'];238.0;0.0
93;A Trick Of The Night;Bananarama;['Pop'];248.0;0.0
94;The Finer Things;Steve Winwood;['Rock'];349.0;0.0
95;Have You Ever Loved Somebody;Freddie Jackson;['R&B'];277.0;0.0
96;Crazay;Jesse Johnson (Featuring Sly Stone);[];;
97;True To You;Ric Ocasek;['Rock'];239.0;0.0
98;Two People;Tina Turner;['R&B'];249.0;0.0
99;The Future's So Bright, I Gotta Wear Shades;Timbuk 3;['Alternative'];204.0;0.0
